{"cameraMode":{"drawMode":0,"name":"Shaded","section":"Shading Mode"},"sceneLighting":false,"audioPlay":false,"sceneViewState":{"m_AlwaysRefresh":false,"showFog":true,"showSkybox":false,"showFlares":true,"showImageEffects":true,"showParticleSystems":true,"showVisualEffectGraphs":true,"m_FxEnabled":true},"in2DMode":false,"pivot":{"x":2.131275177001953,"y":13.607561111450196,"z":-36.26598358154297},"rotation":{"x":-0.017171816900372506,"y":0.5891357064247131,"z":-0.012080781161785126,"w":-0.8074959516525269},"size":1.2756798267364503,"orthographic":false}